Name,Rating,Time,Review Text
"Hedi Lie","1 bintang","sebulan lalu","Barang pesanan cuma  di konfirmaai tapi tdk di antar,  sebaiknya restrukturisasi karyawan kurir. Karena mereka  gunakan pembatalan utk realisasi target pengiriman."
"Aditya Azdhar Utama","1 bintang","4 bulan lalu","Ekpedisi payah!!!! Bisa bisanya barang salah sortir sudah 1 minggu lebih dari estimasi. Tidak ada tanggung jawab sama sekali. Tidak becus. Kalau tidak bisa bekerja, jangalah kau kerja. Masih banyak diluar sana orang yang lebih baik!!"
"Sanaya Martines","1 bintang","4 bulan lalu","SANGAT DISAYAKAN PERLAKUAN DARI SALAH SATU KURIR YANG MERETUR PESANAN SAYA TANPA ADANYA KONFIRMASI. BAHKAN DENGAN ALASAN SAY TIDAK BISA DI HUBUNGI PADAHAL SAYA SELALU MENANYAKAN TENTANG PAKET SAYA."
"Timang Jontor","1 bintang","4 tahun lalu","Maaf saya mau tanya sudah tiga hari paket saya belum sampai Setelah di lacak....paket telah di terimah Padahal saya belum menerima paketnya.. Jadi bisa fi konfirm masih sama kurir ny..?"
"Arjuna Pinilas","1 bintang","3 minggu lalu","Kurirnya para tidak perna respon, pelayanan sangat tidak memuaskan"
"Nanda Daipaha","1 bintang","7 bulan lalu","Kurir atas Nama mail pengantaran area sario sangat tdk respon. Dia sdh cht saya 2x mau antar pket tapi tak kunjung datang. Saya cht dia juga tdk respon sama sx."
"Novita Lawrince Sumanti","1 bintang","4 tahun lalu","Please boleh minta kontak wa? Barang da pesan dr tgl. 9 Juli, dikirim ke Manado tgl 14, ini tgl 18 masa belum sampe? Penting skali kasiang anak mopake tu barang nntau kurir m antar kapan ğŸ˜¢ğŸ˜¢ğŸ˜¢ besok qt m ke kantor pusat j&t manado, mo cek sandiri jo.. â€¦"
"Nadia Sumolang","1 bintang","5 tahun lalu","Nintau apa sto ini j&t pe maksud paket so 3 hari di manado mar nda da kejelasan sama skali! Katanya disimpan di gudang j5. Nintau dimana sto tu gudang j5 tu dia. Katanya â€¦"
"Ardhan Fadillah","1 bintang","setahun lalu","Kurir atas nama evan J&T Malalayang sangat tidak respon, paket saya sudah ada info tiba di kantor sampai pengantaran, saya telefon tapi responnya sangat lambat, bikin jengkel"
"Ruth Supit","1 bintang","setahun lalu","Pelayanan yang sangat sangat di bawahh standar,, Sangat lalai dalam bekerja, Sangat lambat dalam bekerja â€¦"
"Indri Nahda naufal","1 bintang","2 tahun lalu","Kurir jnt Manado tidak ada pertanggung jawaban ketika nomer hp penerima tdk bisa di hubungi tidak ada usaha untuk menelepon nomer pengirim, barang asal di kembalikan lagi ke jnt asal padahal kita kirim barang dengan ongkir 106.000. tidak mau usaha cari alamat nya, tetapi asal di kembalikan barang nya .."
"Rara Sakeel","1 bintang","setahun lalu","Sumpah mengecewakan banget dan banget Paketku kenapa tetap transit woyy Jnt kurang ajar Mana responnya udah 2minggu lo"
"Angelia Christy Tengko","5 bintang","11 bulan lalu","jasa kirim paling cepat, paling bagus diantara yang lainnya, paket da pesan dari jkt cma 2-3 hari so sampe, keep up the good work!! semangattr"
"Syahril Serka","1 bintang","2 tahun lalu","Sudah 2 kali pesan paket hanya sampai di Manado tidak pernah di antar ke Amurang lewat 3 hari paket akan dipulang tlg JNT klu ada yg bisa di hubungi agar bisa di distribusikan barang pesanan kami gampang koordinasinya"
"Hidil Lupani","1 bintang","setahun lalu","Jasa kirim paling gk becus,mau ongkir reguler trp aja delay,apalagi ekonomi bisa sebulan paket nyampe,ketika di komplaian alasan selalu sama,bukti bahwa tidak ada evaluasi sama sekali di jasa kirim iniğŸ‘ğŸ‘ğŸ‘ğŸ‘ â€¦"
"Hidayati Ratriyo","1 bintang","2 tahun lalu","order barang tgl 24 Desember 2023 langsung di pick up kurir, pengiriman cuma dalam kota. sampe smo tgl 1 Januari 2024 mar masih tabadiam ba foro pa dorang pe drop point situ. CS yg pake jilbab le tu muka pe judes do'. da tanya bae2 so lipa â€¦"
"Quinn Slava Avakin","1 bintang","2 tahun lalu","Klo tau paket tdk akn d kirim k alamat tujuan , mending sdh ambil pilihan pick up sendiri dari awal. lama tnggu  barang , nda ada konfirmasi sma sx , tiba"" mw d return klau tdk ambil langsung d kantor . Bukannya memudahkan , malah mempersulit . Rugi bayar ongkir buat d antr k alamat, mlah d suruh ambil sndri d kantor ğŸ¤£ â€¦"
"Teni Toni","1 bintang","2 tahun lalu","J&T skrg tidak kyk dulu lagi.skrg pelayanannya sangat amat buruk khususnya di wilayah manado.status di cek resi pagi hari kurir sedang mengantar sampai malam tidak muncul.tlp pun tidak.padahal kirimannya tanaman .5 hari di dlm paket dus.parah"
"kotakjr","1 bintang","2 tahun lalu","Pelayanan kacau ini. So brp hari setelah paket sampai tapi tidak ada pengantaran. Inisiatif datang sendiri ke lokasi JNT untuk pickup sendiri paket. Ternyata sudah ada. Setelah baca review yang lain ternyata memang kurirnya malas antar. Sangat kecewa dengan pelayanan JNT disini. Not recommended !!!!!!!!"
"Astuti Rapi","1 bintang","2 tahun lalu","Barang so dari tgl 28 januari paket bayar reguler bukan economy smpai tgl 6 februari ndk ada info dari pihak kurir mo antar , posisi barang juga tidak tau dimana. ğŸ‘ â€¦"
"ithoy Massoy","1 bintang","2 tahun lalu","oknum kurirnya parah awal wa tidak di respon ,sekali di respon paket di suruh ambil di kantor,setelah ke kantor barang masih di kurir di telp malah tidak di angkat,parah merusak nama baik perusahan,masa paket COD di suruh ambil di kantor"
"Meyka Kimalaha","1 bintang","setahun lalu","Paket dalam perjalan dari pagi, tapi konfirmasi nnti so sore pas sdi tmpa krja srta dtnya m ambe ini hari di gudang itu paket dorang so retur dengan alasan overlod, kg alsan pket di tolak cs, kg tu kurir cuma  bilang pesan ulang Jo,"
"Maria Tewal","1 bintang","2 tahun lalu","mengecewakan skli ni jnt brg ada mo perlu mo pake kurir nda ada pergerakan mo respon chat smo 1 album dg tlpn nda angka padahal ada aktif2,rupa jo org mo tagi utang pa drg dmo tanya dpe penjelasan kua tu barang kapan mo antar nemau rspon."
"Tommy Sumawi","1 bintang","2 tahun lalu","Mmg betul parah pelayananx.. sy datangi kntor pusat aja mau ambil brg sendiri tdk mau bantu di carikan.. dgn alasan belum di sortir.. pdhl di aplikasi di tulis brg sdh tiba dr tgl 15/12.. tp 5 hari blm d antar2.. parahhh"
"baehula ror","1 bintang","2 tahun lalu","nda ada niatan ba effort mo telpon biasa cmn di WhatsApp.. nda semua org punya kuota mungkin terhalang, barang juga belum sampai tapi di retur tanpa konfirmasi saya, sudah di chat juga tapi slow resp dan hanya di read, aduhh.."
"Keren Van Bone","1 bintang","3 tahun lalu","So 2 kali ba beli di lazada kong dapa ekspedisi jnt kong 2 kali itu tape paket nd pernah sampe di rumah, musti mo pgi ambe pa drg pe kantor.  Pe malas skali jadi kurir. Lebeh bae tutup jo ngoni pe kantor kalo ba kerja nd becus. â€¦"
"Alan Stenly","1 bintang","3 tahun lalu","Tolong untuk kurirnya di training dengan baik. Dihubungi untuk bertanya status paket bagaimana tidak diangkat chat tidak dibalas. SDM rendah. Apa lagi kurir yang jalur Banjer ya aktif sejak bulan Mei 2022 ya ampun sulit dijelaskan dengan â€¦"
"Angel","1 bintang","setahun lalu","Ekspedisi buruk. Selalu dapat experience 'gudang salah kirim barang', paket sudah di manado tiba-tiba update hari selanjutnya paket dikirim ke palembang."
"Desiana Hadin","1 bintang","3 tahun lalu","Jangan pakai jasa J&T, sdh kesekian kali pakai jasa ini selalu bermasalah, paket lama sampai, di tangan kurir bisa berhari2, bisa ngaret 3-5 hr dr tgl yg di tentukan. Percuma pilih yg sampai 2-3 hr dng pembayaran yg lebih mahal ujung2ny â€¦"
"April May","1 bintang","3 tahun lalu","Kurir dan ekspedisi J&T gak amanah, Tidak ada konfirmasi (Telpon/Chat) terlebih dahulu ke Custamer.. langsung Ambil Keputusan sepihak.. Keterangannya Custamer Menolak Pembayaran COD.. Jelas2 Custamer berharap paketnya sampai. ğŸ˜­ Kirim dari â€¦"
"Yuri Toar","1 bintang","3 tahun lalu","Pelayanan/servicenya sangat buruk. Paket sudah dikirim dari tanggal 8 Des sampai sekarang belum diterima padahal hanya Tomohon ke Manado tapi banyak drama, katanya nanti diantar kurir, pake alasan kurirnya sakit, alasan byk paket yg hrs â€¦"
"Artsance Tahulending","2 bintang","2 tahun lalu","Ni kurir rupa nd niat kerja at bgmna?, Pemberitahuan paket jam sekian nnti antar so berjam jam kemudian, apalagi nda fast respon sm sxli haaduhhhh bagmna ee"
"Fernando Krisna","1 bintang","2 tahun lalu","paket yg saya kirim blom sampe"" ke rumah pembeli saya di manado selama 13 hari, gimana sih ini kurir update terakhir jg tanggal 26 desember 2023 cuma berada di gudang mapanget abis itu udh aja gaada info, CS JUGA SUDAH SAYA HUBUNGI 3x TAPI â€¦"
"Ravenza GP","1 bintang","5 tahun lalu","Ini j&t manado ada karyawan atau tidak? Kalopun ada karyawan itu karyawanya masih hidup atau sudah mati semua? Barang sudah 1 minggu ditahan di gudang terus. Pdhal pengiriman hanya dlm area Sulut saja. â€¦"
"dhea nanda","2 bintang","3 tahun lalu","Tolong di perhatikan lagi ya untuk pelayanan nya. Bisa lebih di perbaiki. Jangan sampe cust udah mempercayai j&t tapi malah di kecewakan dgn pelayanan yg kurang baik. Untuk telp dan chat harap bisa di angkat/ bls . Apalagi paket harap lgsg â€¦"
"Lana","1 bintang","Diedit 2 tahun lalu","ni dpe kurir"" rpa malas sx j kerja e nda jba antar paket + nd ramah, tpe paket drg suru pi ambe p drg p kantor, bkg cma 1 2x tiap dpaket msti pi ambe p drg p kntor krna dpe kurir"" p mls kerja bgni wkwk"
"Dila Lataan","1 bintang","2 tahun lalu","sebenarnya ni jnt kse karja org yg bgmna? so tiga kali dpa kurir yg sama trus tga kali le dia suruh pa Qt dtng ambe jj di kantor. niat jdi kurir at nda? trus stiap di chat rupa artis do'e nd pernah fast respon akng. haduh bgmna ee"
"043_Junia Putri Rahma Dita","2 bintang","2 tahun lalu","halo, tolong dong, udah dua paket belum di anter anter, keburu barangnya expired ya baru di anter? gada tindak lanjutnya, kasian kt juga nungguin loh"
"Pricilia Moningka","1 bintang","2 tahun lalu","Karena paket cod Jadi nda di antar, sudah chat kurir, so 3 hari nda antar"" Pernah lagi paket diretur tanpa konfirmasi lebih dulu"
"Robin Zee","1 bintang","3 tahun lalu","Paket dri Surabaya ke Manado, smpai 1 bulan lebih!! Katanya akan diproses dalam 2 minggu, ehh yg 2 minggu malah nganggur di transir Jakarta!! Percuma ada Customer Care, trus jawabannya ""Silahkan ditunggu ya pak"" hmmmmmmm.."
"Menhard Paluala","1 bintang","6 tahun lalu","PARAH skli ini J&T Komo manado, barang biar so ada di kantor pa drng, mar drng blum mo antar, kbnyakan Konsumen yg jga dtng ambe sndiri. Baru tpe barang yg ada kirim dri tanggal 4 mei nnti sampe tanggal 13 mei, alasan overlode, padahal di â€¦"
"Lili Ham","1 bintang","6 tahun lalu","Tolong donk setiap kurirnya punya kontak yang bisa dihubungi. Masa kiriman saya sudah 2x antar tapi gak sampai dirumah. Kalau ada kendala kan bisa hubungi no tlp yg tertera di paket. Bukan dibiarkan begitu saja. Kita mau cari tau gmn klo â€¦"
"í”¼ë¹„","1 bintang","4 tahun lalu","Saya langganan pake jasa pengiriman Jnt. Tapi pelayanan Jnt akhir-akhir ini sudah tidak bagus seperti dulu. Kurir-kurirnya gak sopan sama sekali dan kasar. Mau tanya alamat aja kaya mau manggil tawuran gak ada sopan-sopannya memang. Terus â€¦"
"Andriani Elzira","1 bintang","2 tahun lalu","Kalo nda mo antar orang Pe barang"" nda usah buka kantor J&t Manado ,, lalah telfon"" wa , nda ada respon , ada perlu Skali tu barang ,, pamalas mo antar Kong mo jadi kurir"
"Dian Yamin","1 bintang","6 tahun lalu","Minta tolong ne bilang ngoni pe karyawan j&t, kalo kerja ja becus kwa. Masa qt pe paket dari batam tujuan manado, serta so sampe manado kemarin, bukan ngoni pe kurir antar pa qt, malah ngoni retur ulang kase bale, qt lacak di website j&t â€¦"
"Stenly wan Lahengking","1 bintang","2 tahun lalu","Bekeng binci ni jnt ini ee Kita pe paket so di pandu dorang bawa ulang ka gudang Kong sampe skarang status rescedule deng customer nintau da rescedule tempo apa ğŸ˜ ğŸ˜ ğŸ˜ ğŸ˜  â€¦"
"Oki Timor WY","1 bintang","2 tahun lalu","Ga jelas, kurir ga pernah ada konfirmasi tlpon atau sms. Eh tiba2 barang sdh di kirim kembali ke toko onlinenya."
"Hengky Roboth","1 bintang","3 tahun lalu","Barang sudah sampai seminggu di Manado tapi belum di antar. Padahal saya sudah hubungi pihak J&T, itupun dari beberapa kontak yang saya hub hanya 2 org yang merespon. Sudah ngeluh ke mereka barangnya sudah di perlukan tapi tetap tidak di antar, malah di hub lagi sudah tidak merespon"
"Risna suleman","1 bintang","4 tahun lalu","Aneh dg jntnya di aplikasi barang saya sedang di antar tpi dari kmrin belum sampe juga,terus saya coba hubungi petugas jntnya untuk menanyakan prhl brang saya ktanya dia nda tau katanya dia sibuk,trus nmor saya di blokir lgi."
"Marcheline Lawrenzia","1 bintang","3 tahun lalu","Paket saya dari shopee dipesan dari tgl 28 maret blum ada sampai sekarang, notifikasi shopeenya bilang kalo kurir sementara nganterin kelokasi, udh dua hari ditunggu gak nyampeÂ², mohon ya ditinjau lagi"
"Ester Juliana Tatambihe S.pd","2 bintang","3 tahun lalu","Apa kurir J&T itu tidak di traning ya.... Barang saya sudah 3 hari belum di antar.....tlp tidak di angkat... Tlp kantor juga nda bisa di hubungi. â€¦"
"Angel Nadia","1 bintang","4 tahun lalu","Kurir sangat tidak sopan, torsng berhak tsnya trg pe barang lrna takutnya kong so nd m ta antr smpe pa trg kong ngni return ulg padahal trg s tunggu2 itu barang. Ngni pe kurir qt ambe dsri data krna qt lacak so smntrs pengantran kurir mar â€¦"
"stefka febrina","1 bintang","2 tahun lalu","Pamalas ini kurir2 , pandang enteng dgn barang cod. Trg byr ongkir bkn nda Brg dr tgl 3 ini so tgl 7 nyanda antar2"
"Youdy Sosinggih","1 bintang","2 tahun lalu","Aneh skali barang so pa kurir so brapa kali baku janji mobawa Mar kurir nd muncul2... Kurir nd niat kerja ato apa.....??!!"
"General Affair","1 bintang","4 tahun lalu","Saya pesan Bibit dari Bali ke Manado, dengan hrga Ongkir Rp. 1.716.000 sudah cek resi, sampai di Manado tanggal 09/01/2022, tapi masih belum di krimkan ke alamat tujuan, setelah di Pick up oleh supir tanggal 10/01/2022, trus supir â€¦"
"BUDI SOVIEA DASOPANG","1 bintang","2 tahun lalu","Gak jelas jasa kirim j&t di sulawesi utara. Sudah kurir pemalas Di tambah pekerja lelet dan tidak teliti â€¦"
"Christy Resa","1 bintang","5 tahun lalu","Paket saya sudah sekitar 5 hari terulis tertunda, padahal sudah sampai di manado. Setelah sampai ke saya, packing nya udah jelek sekali, terus ada barang 1 kurang. Gimana sih. Pelayanannya jelek sekali."
"Allan massie","1 bintang","6 tahun lalu","Paket tidak pernah dikonfirmasi ke penerima oleh kurir yg mengantar. Status di web Tracking sudah diterima. Parah..barang blm ada ditangan..Guna apa disertakan No.Hp bila tdk dihubungi..ğŸ‘ğŸ‘ â€¦"
"Cindy Septiawati","1 bintang","2 tahun lalu","Tolongg pakettnya d teruskan ke alamat tujuann.. paket sy tertahan d mnadoo tujuan ke maluku utara gak gerakk sdh 1 mingguu"
"kingboba sidoarjo","1 bintang","5 tahun lalu","barang yg saya kirim  ke pembeli belum diterima tapi sudah dikembalikan dg catatan ""penerima menolak barang"" padahal belum ada 1 paket pun / kurir yg datang antar barang !!!!! bisa kerja gg sih sebenernya ?"
"Supatni Lawitan","1 bintang","2 tahun lalu","Parah sih kurirnya,prtma sruh syerlok lokasi m antr pkett kg saya blg lokasi sya ngk jadiii nnti saya tnjung jlnnya,eh ps it blg blg dy m antrr bgmna in,srta da cht dmn dpe kntor dy nd bls2 leeee huu"
"Juitha Datu","1 bintang","3 tahun lalu","Paket nda pernah antr nda guna ja bayar Ongkir+ ley bayar ongkos cod slalu Pi ambe di kantor tu paket2 biar so tlpn wa nda ja respon ! Tutup Jo tu kantor klo so nda Jaba antr spya tpe paket nda jata Pi situ"
"Mey Key","1 bintang","2 tahun lalu","Jasa pelayanannya sangat mengecewakan.. Kurir dengan seenaknya main cancel paket yg udah sampai tanpa konfirmasi dengan pemesan ğŸ˜¡ğŸ˜¡ğŸ˜¡ğŸ˜¡ â€¦"
"BELAJAR HIJRAH","1 bintang","7 tahun lalu","Kenapa pelayanan j&t buruk sekali?? Biasanya dari jakarta ke enrekang cuma 5 hari ini dari enrekang manado sudah 7 belum tiba.. â€¦"
"Jolanda Nadya Tatengkeng","1 bintang","2 tahun lalu","Baru kali ini di prank J&T, barang tidak dibawa ke customer tapi keterangan barang ditulis rescheduled customer padahal dari kurirnya tidak pernah hubungi saya, malahan saya yg hubungi chat kurirnya tapi cuma di ghosting wkwkwk"
"Leah Elra","2 bintang","Diedit 6 tahun lalu","Paket belum diantar tp tertulis sdh diterima 3 hari yang lalu..padahal Jarak rumah dg kantor j&t cuma 90m. Pelayanan lebih ditingkatkan lagi."
"Bagusde Agung","1 bintang","3 tahun lalu","Expedisi terburuk di manado, barang dikirim dr kota yg sama samapinya bedanya bisa berhari hari , padahal ongkir jnt lbh mahal,saran untuk daerah manado pilih ekspedisi yg lain saja, jnt not recommended bnget"
"Jivay Leon","1 bintang","2 tahun lalu","Kantornya ditutup aja. Pelayanan paling jelek. 1 customer dilayani 30 menit sampai 1jam. Mending kasih kerja ke anak SD lebih cepat"
"Karisma Monoarfa","1 bintang","3 tahun lalu","Kita pe paket kmrin dorang bawa di Dumoga padahal alamat so ttaruh inobonto, ayy e bgmna ini pelayanan!! Serta itu drng mkse kbali dipenjual kong bilang klau trng yang nd ambe paket, pdhal sdri pdorang yang nd bkse sampe paket p costumer!!!"
"Felice","1 bintang","4 tahun lalu","Hari kerja tapi kantornya yang di Komo Luar malah tutup, saya sudah bolak balik 3x dikantor ini yang seharusnya sudah jam operasional tapi katanya tutup!!! BURUK SEKALI PELAYANAN KALIAN KE KOSTUMER!!! â€¦"
"Choirullatiful Anggara","1 bintang","6 tahun lalu","INI EXPEDISI PALING BIONGO! PALING PEMALAS!  Kurir nyanda pernah ba telfon ato SMS pas di tracking so diterima. Nyanda ada SOP kurir for ba antar barang ? Kalo kw ndk niat kerja jadi kurir RESIGN JO! â€¦"
"Kenny Liem","4 bintang","6 tahun lalu","Kemarin aku belanja lewat Tokopedia, terus kirim barangnya lewat J&T. Seminggu kemudian ada laporan bahwa barangnya sudah tiba dan diterima dengan baik, tetapi ternyata barangnya belum ada sama sekali. Waktu dicek ke kantornya langsung, â€¦"
"Viktor Vikariat Tandungan","5 bintang","5 tahun lalu","Barang saya sampai sekarang masih tertahan di manado..pdahal dari tanggal 13 juni itu sudah sampai dri jkt ke manado sampai sekarang tanggal 18 juni blum nyampe juga ke palu..ini pengaruh apa sih? Covid atau costumer nggak becus? Tau begini saya pilih JNE"
"DP Review","1 bintang","3 tahun lalu","Kerjanya tidak profesional, lelet dan ngaco. Pesanan saya 2 minggu dibawa kurir lapangan nda nyampe2, padahal rumah saya kurang dari 1km dari cabang jnt ybs"
"Alvian Mordekhai","1 bintang","6 tahun lalu","Sudah kesekian kalinya barang saya yang harusnya dikirim ke Tateli tapi selalu salah dalam penyortiran sehingga selalu dikirim ke drop point Tomohon. Tolong dong tukang sortir lebih teliti, jangan jadikan Kabupaten sebagai patokan dalam â€¦"
"Ady Antonio","1 bintang","7 tahun lalu","Paket dikirim hari senin tapi sampai hari jumat belum juga sampai, cek status resi terakhir diupdate hari rabu pagi barang masih ditahan di Jakarta belum tapi status katanya sdh dikirim. Very bad service!!"
"Henry Su","1 bintang","4 tahun lalu","Saya kira ini expedisi trburuk di kota Manado.. brg di pindah sana sini. alasan miss sortir. akhirnya ambil sendiri di ktr yg justru jauh dr alamat kirim. dan ini sdh kesekian kli dgn alasan yg sama. hadehh."
"Andika Nussy","3 bintang","7 tahun lalu","Sekedar basa-basi ğŸ˜„ lucu sekali ini cwek CS, kita pi ambe barang langsung di ktr J&T. Lalu batanya nmr tlpn ktr 3313 ? Dia blg butul, kita ada ba tlpn sekitrn jam 9 4x mar nd angka & tu cwek blg mgkn msh tidor, serta tanya buka jam brapa dia blg jam 9. Brarti kryawan J&T Komo jam 9 msh tidor dng (?) Wkwk. â€¦"
"Dedi PS","1 bintang","5 tahun lalu","Lamban dalam penanganan pengiriman. Dari Sidoarjo - Jakarta - Manado hanya 2 hari. Disimpan di gudang dulu sekian hari baru dikirim. â€¦"
"Marino Thelbic.L","1 bintang","6 tahun lalu","Pelayanan sgt tidak baik. Barang tidak diantar ke alamat tujuan, Walaupun hari minggu, setidaknya menunggu hari senin..tetapi hanya mngecek lewat telpon, dn stelah cek di kantor trnyata barang sudah di retur."
"Aprillaleno Aprill","1 bintang","3 tahun lalu","So kurang Sama Jo dg j&t di Tateli masa Qt p paket kaseh alamat di Tateli malah tumbuh di Mongondow abis itu da cek ulang so di Manado ,ini paket su kurang sama dg gasing ta putar ğŸ˜¡ğŸ˜¡ğŸ˜¡ â€¦"
"Anthony Wawah","3 bintang","7 tahun lalu","Kcepatan pngiriman sdh mantap. Sy kritisi parkirannya saja yg sngt tidak mmadai, apalagi klo dtng ambil sndiri paket mnggunakan mobil, sdh tdk ada space parkir sama skali, blum jalan d dpan yg sdh 1 arah dan cukup sering macet, blum lagi â€¦"
"ella dewi ayu","1 bintang","6 tahun lalu","Pelayanan pengiriman terburuk sepanjang sejarah. Kurir tidak bertanggung jawab. Customer service jawab seenaknya tanpa ada sopan santun sama sekali. Kapok sekapok2 nya pakai j&t. â€¦"
"Sahari Record_","1 bintang","5 tahun lalu","Lama skali pengiriman Brng Dah pesan Sma"" Laeng pke idexpres  3 hri so sampe pdhal dpe ongkir Cm 30 rbu ,mar pake J&t dp ongkir 90 rbu kong dp sttus masi proses,pdhl dri Kota yng sma,.. parah skli no.."
"Angel Rondonuwu","1 bintang","2 tahun lalu","Pesan barang dari langowan tujuan tondano, so satu minggu nda sampeÂ²! Paket kote so se tahan di manado, memang komang j&t nda ada depe butul !!!"
"Angel Salim","1 bintang","6 tahun lalu","Tidak akan pernah pake jnt lagi. Ntah org yg kerja disini niat kerja apa ngga. Di telp ga angkat. Penanggung jawabnya pun di telp tidak angkat padahal ada sekali nelp nonya sibuk (BERARTI LAGI TERIMA TELP ORANG)"
"M.HUDA AMRULLAH","1 bintang","4 tahun lalu","Laporan untuk JNT pusat sudah di buat. tim lapangan JNT Manado tidak merespon dari tanggal 14 Januari Sampek sekarang belum ada pergerakan paket mohon segera di respon"
"Olga Kandouw","1 bintang","3 tahun lalu","Saya sangat tidak puas dengan pelayanan JnT, paket dari Jawa Tengah dikirim dari tanggal 14 sampai sekarang belum juga diterima, setiap ditanya jawaban selalu dalam proses, saya sangat mempertanyakan kinerja jasa pengiriman Jnt seperti apa ?"
"Kezia Cahya Pakaja","1 bintang","7 tahun lalu","Mnyasal pke J&t paket blm smpe kong di sttus, sudah di terimağŸ˜¡ nntau tu pket drg da kase pspa sto.. .Tmbah le ni nmor CS nda ja angka tu tlfn nda guna da nmor CS kong nda ja angka tu tlfn lbe bae pke JNE biar pke yg reg mar 1 hri lgsung â€¦"
"opink supit","1 bintang","7 tahun lalu","Pelayanan sungguh buruk.. brg bolak balik dr gateway ke komo luar dgn alasan brg brmasalah padahal tidak ada konfirmasi dr pihak j&t baik telepon maupun sms.. smtara no.tlp dengan jelas tertera di resi pgiriman."
"Irinda Risandra","1 bintang","2 tahun lalu","Brg sdh sampai dr tgl 10 sampai skrg blm di antar2, kmaren ke j&t katanya brg blm masuk"
"celeb los","1 bintang","4 tahun lalu","Jnt manado sepertinya berisi oknum2 yang tidak jujur,,, toko buka dari jam 8 pagi sampai jam 10 malam,, tapi demi mencapai target atau memang malas pickup, mereka buat fake info,, dibuat seakan penjual yg reschudule pickup,, padahal â€¦"
"Shinichiro Sano","1 bintang","2 tahun lalu","saya orang dari luar manado. saya kaget dengan pelayanan / service dari admin maupun kurir2 disini ğŸ™ğŸ» sangat tidak ramah â€¦"
"Haikal Zaidan Tilamuhu TV TV","1 bintang","5 tahun lalu","Saya punya paket yg dari Jakarta tolong cepat di antar ke Airmadidi dong soalnya itu paketnya nggak tahan lama apalagi suhu ruangan tolong pihak J&T bertindak cepat untuk mengirimkan paket saya soalnya itu bukan barang seperti tas dll tapi itu buah"
"Cheng Hoo","1 bintang","7 tahun lalu","Masa Orang kantor JNT nd tau aplikasi JNT yang di play store kong stel ley bilang drng nd ada aplikasi bagitu ada kase tunjung akang itu nomor orderan. Parah butul ini CS JNT di manado komo luar"
"Ros sena","1 bintang","2 tahun lalu","Nda ada usaha kurir mo antar paket!! Cmn selang 1 malam nda dpa ambe paket , Depe besok lansung kirim bale pa Depe penjual ....,!!!!!!!!"
"Isaura Salur","1 bintang","5 tahun lalu","So ada kwa eh tu di manado so di pa kurir pelama mo anatar... J&t eh buruk sklai pelayanan... Notif da bilang so pakurir dari kemarin kong nda sampe2 ya... Tape tamng punya  da notif barang so di trima nintau katu masih da tacecer kurang da â€¦"
"Novianty Bakari","1 bintang","8 tahun lalu","Saya belum menerima barang saya, tapi di no resi sudah di terima oleh saya sndiri.. aneh kan,? Kalo gak mau antr barangnya ttup aja kantor J&T.. OK ğŸ‘ â€¦"
"Meivitha Mariani Rimbing","5 bintang","5 tahun lalu","Terima kasih, barangnya cepat bgt dikirim ke airmadidi, saya kira barangnya di tahan trnyta memang masih di jkt, pas sampai manado langsung di teruskan ke airmadidi, smoga sukses selalu tetap semangatğŸ’ªğŸ¼ğŸ™ğŸ» â€¦"
"Gertruid Pinontoan","2 bintang","2 tahun lalu","Ini Kurir bagaimana kang.. paket so tatahan 3hari pa dorang kong blm antar2.. hadeehh.."
"Robert Liwongan","1 bintang","8 tahun lalu","barang sering dikirim ke manado nyasar sampe ke airmadidi. pelayanan di kantor menyebalkan seakan akan mereka tidak salah apa"" dan tidak ada permintaan maaf sama sekali. sangat tidak profesional, tidak mampu menampung kouta barang yg banyak, tidak akan pakai lagi jasa j&t"
"michelle jussie","1 bintang","8 tahun lalu","Udah 2 minggu barang gak nyampee.. Tidak puass dengan cara pengirimannya lambat sekalii ğŸ˜ˆ â€¦"
"Maya Kelah","1 bintang","6 tahun lalu","Tolong ya JNT komo luar karyawannya di training baik2, costumer servicenya gak sopan sekali. Sy telpon baik2 kok cuma diangkat ngomong halo hbis itu dimatiin. Trus telpon lagi cuma ditinggalin aja gtu tlpnnya kedengaran karyawannya cuma ketawa2. Bener2 gak ada etikanya yaa.."
"vadelia sirap","1 bintang","2 tahun lalu","Tidak bisa COD , dapat suruh bayar karantina 20rb , padahal saya sdh perna COD beberapa kali , ini sistem kenapanya berubah"" ??"
"Blink Ra","1 bintang","5 tahun lalu","Paket kenapa gak di kirim2 ke palu udah 4 hari...Kalau gini saya pilih JNE aja.asli lama di tampung tu barang.. ini terakhir kalinya aku pake JNT"
"Tiana Putrii","1 bintang","4 tahun lalu","Pelayanan tidak ramah. Barang sudah sampai tapi proses pengiriman lama,, Kurir tidak ada menghubungi sama sekali."
"Jessica Kandou","1 bintang","2 tahun lalu","Jnt Komo luar mmng gni pe pelayanan bisae sx barang so berapa hari Riki so bayar ndk antar gni mau trg Pi ambe sendiri kg beking apa dank gni pe.kerja cmn makan gaji buta lebeh Bae tutup Jo gni pe kantor tu dia"
"Azz Channel","5 bintang","8 tahun lalu","Mantap sangat cepat untuk pengiriman 2 Hari tlah sampai"
"Kevin Waworuntu","1 bintang","3 tahun lalu","Kurirnya ngga sopan !! Apalagi yg area tikalla kumaraka Plus antarnya Nggaontime â€¦"
"daniel joy","1 bintang","3 tahun lalu","Bilang Hari Sabtu Tutup Jam 5 sore. setelah datang sebelum jam 5, cewe yg jaga di CS bilang so tutup. memang nda konsisten. pelayanan Buruk..."
"Ummul Khairiyah","1 bintang","5 tahun lalu","Tolong pengiriman dipercepat ğŸ™ paket sya sudah 3 hari tertahan di manado, mana itu pesanan org ğŸ˜£ Sudah dua kali pengiriman melalui gateway manado tidak pernah sampai tepat waktu. â€¦"
"Jesica Sondakh","1 bintang","2 tahun lalu","Sangat buruk. Barang tidak diantar ke rumah & di retur tanpa konfirmasi. Kurir / Bos atas nama NOVEL SANDALA"
"Hunt Gar","1 bintang","setahun lalu","pengiriman dri Jawa ke mdo cm 2 hari masa dri Manado ke rumah so 1 Minggu lebih nd sampe2"
"fiane rumagit","1 bintang","2 tahun lalu","Barang so sampe, tapi di aplikasi 2x gagal pengiriman. Kapan mo sampe dg torang p barang?"
"Rian Septiawan","1 bintang","5 tahun lalu","Bagaimana ini barang saya dari jakarta Ke palu malah transit di manado sampai skarang belum sampai barang saya,, Tolong gate away Manado dibaguskan kerjanya,, Barang saya tidak ada dikirim ke palu cuman Tertahan di Manado. Mending saya Pilih JNE ,"
"welliam Tjung","1 bintang","7 tahun lalu","Paket yang disortir di MDC gateway selalu salah alamat,penerima diManado dikirim ketuminting akhirnya paket dikirim lagi ke MDC gateway akhirnya pengiriman lebih lambat..dan ini sudah ke 3 kalinya paket salah disortir dan mengakibatkan â€¦"
"Trid Shoping","1 bintang","4 tahun lalu","Tolong cari kurir yang sopan !! Jangan seperti nama christian yang menelepon untuk antar paket seperti mau ajak ribu. Sok""an, sangat tidak ada etika, dimana pelayanan yang ada ? ğŸ‘ğŸ‘ â€¦"
"Arya Mifta","1 bintang","3 tahun lalu","Kapan barang mo antar ka Gorontalo? estimasi 1-3 januari mar smpe skrang nya ada. Ngoni so nya mo antar kwa ini barang?"
"reihan marams","1 bintang","setahun lalu","NGONI KALO NYANDA NIAT KARJA,NDA USAH KARJA DI JASA KURIR  SO BANYA KALI KT BA PESAN NDA PERNAH COD MAR BARANG NDA PERNAH SAMPE PA KITA ,, â€¦"
"Ritz Dilla","5 bintang","5 tahun lalu","Paket saya dr tgl 12 mei  jkt ke palu via manado. Biasanya jkt lgsg ke palu. Dan di manado dr tgl 14 mei, sampai skrg 18 mei blm di kirim2 ke palu. Tolong di UP kka. Terima Kasih."
"Mha Rasyid","1 bintang","6 tahun lalu","Pelayanan terburuk dri semua ekspedisi yg pernah di pakai, di status pengiriman brg telah diterima smpe skrg brg brg tsb blm pernah di Terima!!!!"
"Killua Zoldych","1 bintang","5 tahun lalu","So tai ini JNT, so lma b tunggu bilang tgl 11 barang sampe di alamat penerima, so se perpanjangan garansi, eh drg Se bale ulng di JKT _GATEway... ğŸ˜‚ â€¦"
"Youtube & Game","1 bintang","5 tahun lalu","Ini pegawainya niat kerja apa tidak kah? Barang malah di tahan di gudang terus..kalau nda ada niat kerja ttup saja j&t manado...kmpret lah"
"Zhain M Desas Desus","1 bintang","5 tahun lalu","Paket dri jakarta tgl 5, mpe d manado tgl 7. Smpe skrg tgl 13 blm jg tiba. Pelayanan untuk jnt manado sangat buruk..,"
"Zindi Tengker","1 bintang","8 tahun lalu","Psanan dri tgl 2 sampe so 2 mnggu blm sampe2 . Trakhir di resi di banjarmasin bru mo krim ke mndo . Barangkali mndo so pindah di banjarmasin stoh ! Biasa 2 hari so smpe. Ini smo 3 mnggu nda sampe2 . Mengecewakan"
"Edy Milala","2 bintang","2 tahun lalu","Resi was invalid and my whatsapp message they didnt reply."
"Meilin Dengah","1 bintang","5 tahun lalu","Sangat kecewa dengan jasa J&T. Baru kali ini saya pakai jasa J&T paket saya bisa tercecer. Selama in tidak pernah. terus kalau paket tercecer yg tanggung jawab siapa? sangat kecewa skali."
"imam sholeh","1 bintang","2 tahun lalu","kurir senenaknya bekerja.brang sdh sampai.gk di antar2....malah tertunda terus"
"Ieralp Irgo Rogahang","1 bintang","6 tahun lalu","Kecewa sama jasa pengiriman ini,nda ada komfirmasi lewat Telpon...,barangnya main dikembalikanğŸ‘ğŸ‘ğŸ‘kurirnya malas,nda kuasai rute ,payah â€¦"
"arleyne walanda","1 bintang","6 tahun lalu","Barang gagal kirim katanya no hp tidak dapat di hubungi padahal hp saya aktif dan dpt pemberitahuan dari shopee Sekalipun tidak dpt dihub alamat nya jelas rsj ratumbuysang manado"
"DIAH ISLAMIATY M","1 bintang","5 tahun lalu","Barang sudah sampai di Manado berhari-hari namun tidak dikirim ke Ternate dan dibiarkan digudang dalam waktu lama, perbaiki lagi customer care-nya"
"Bad Boys","1 bintang","2 tahun lalu","Kurir nya gak bertanggung jawab di tlpn tidak mau di angkat,sampai skrg paket belu di terima"
"Dhea Antu","1 bintang","9 tahun lalu","Ini tuh bilang J&T express Sampe skrang barang nda sampe"", Kapok mo ba kirim kalau bagini depe cara, â€¦"
"Hatake Pakasi","1 bintang","3 tahun lalu","Biasa nya Tidak Seperti ini... Paket sampai dengan cepat.. . Tapi sekarang Sudah mau. 2-minggu Belum sampe Juga Padahal itu bukang Paket COD??"
"Heraldo Oliver Jacob Jacob","1 bintang","4 tahun lalu","Kurirnya tidak pernah mengantar barangnya tapi di notifikasinya gagal pengantaran,padahal saya selalu menunggu barangnya di rumah."
"Decky Rondonuwu","1 bintang","2 tahun lalu","Pendo sho mho satu Minggu nyanda bagara nih paket nntau d ba luji apa nih orang j&t"
"Karla Weken","3 bintang","5 tahun lalu","Qt p paket so brp hari masa blm2 sampe leh pdhl tiap qt b order qt selalu pake jasa ini mar qyp ja bekeng kecewa pelanggan dang"
"Pricilia Wowor","1 bintang","8 tahun lalu","gimana dong paketan saya di track udh diterima atas nama saya tapi saya belum menerima paketnya sama sekali udh seminggu-__-"
"Ian Pontobulaeng","1 bintang","5 tahun lalu","barang sya udh 2 hari blum sampai, katanya di simpan di gudang tpi smpai saat in blum ada pergerakan"
"Grey Keizia","1 bintang","4 tahun lalu","Paket sudah 3 hari di tahan,,masih pagi status sudah dalam pengiriman kurir tapi tidak di antar dan status sudah berubah paket di tahan,, sangat kecewa dengan pelayanannya"
"Muhamad Ma'sum","1 bintang","2 tahun lalu","J&T Tai ....brang g nympe""...klo g diambil ke kantorx...itupun msh ruwet....pokoknyaTai pelayananya."
"rianty namare","1 bintang","5 tahun lalu","Di keterangan sdh diterima penerima dari tggl 19 Agustus tapi sampai skrg nda ada di tangan penerima. Tdk pernah dihubungi dri kurir.. ğŸ‘ğŸ‘ğŸ‘ â€¦"
"Ananda Karamoy","1 bintang","6 tahun lalu","Ngak becus , expedisinya sudah diterima tapi sampai saat ini barangnya belum saya terima tmbah lagi nmor call center ngak aktv"" ."
"Zaki Mulana","1 bintang","5 tahun lalu","saya ada paket COD tapi sudah sampai manado tgl 30 Nov dan tertunda di gudang J5, bisa minta tolong jelaskan masalahnya ?"
"Hardianto Mkllg","1 bintang","2 tahun lalu","Paket kurng t putar"" Di pusat sortir Manado, nd tau kpn mta antr pdhl sta bayar"
"Deivi R Turangan","1 bintang","2 tahun lalu","Pengiriman lewat laut lambat paket sering tertahan dan melewati batas estimasi sampai"
"Joker iluminati","1 bintang","3 tahun lalu","Barang nda sampe, kurir selesaikan tanpa tlp,sms chat wa..."
"ARM 64","1 bintang","6 tahun lalu","Ini sesanan sya di kirim ke mana Di shopee nya di bilang sudah sampai atas nama saya .. Lah saya belum terima barang nya"
"Junita Vanessha Ignatia","1 bintang","8 tahun lalu","Saya belum menerima paketan nya tpi di cek no.resi tertulis sudah di terima oleh saya sendiri kan aneh ...ğŸ‘ â€¦"
"Kevin Sykez","1 bintang","3 tahun lalu","TORANG PE KANTOR SAJA SO NDA PAKE JASA EKSPEDISI J&T KARNA DORANG PE PELAYAN YANG NDA BENAR..NDA BERES DORANG.. APALEH INI J&T EXPRES KOMO..PANIPU SAMUA DORANG DISITU.. â€¦"
"omong gede","1 bintang","7 tahun lalu","j&t rupa pendo dp playanan.... lubampuki sx..... barang so ada nyanda smp2... ada kse no tlvon nya b tlvon... klo pun trang nxnda angka... ngoni sms kambing utang...trang pasti tlvon bale...."
"Vmeyy","1 bintang","2 tahun lalu","Lalot sx paket nd antar""tlfon nd angka paket org s prlu nntau m antr kpan. Tutup j lbe bgs"
"vhia Vhia","3 bintang","3 tahun lalu","HLLO siang ..mo tnya tPE kiriman jadi percobaan kedua.. Blh tau ad kendala apa pak/bu"
"Chandra Arthur Rumbay","5 bintang","6 tahun lalu","Pelayanan Baik, Barang sampai paginya langsung ditelpon untuk konfirmasi alamat. Bagus J&T"
"Dayu Waisly","2 bintang","6 bulan lalu","Sudah pindah dilorong masuk dari gelael"
"Diana Kowel","1 bintang","2 tahun lalu","barang dilacak sdh samapi ternyata berhari2 tdk sampai"
"Ricky Messi Tanesia","1 bintang","5 tahun lalu","Dri tgl 24 kirim barang dari mndo ke ternate smpe skrg tu barang blum smpe2 di ternate... stop mo b kirim barang dri sni.. da tlfn2 le nmw mo angka"
"Tesalonika Wohon","1 bintang","3 tahun lalu","Kalo nemau ba antar pket nd usah krja setang"". Pket doe somo 1 minggu nd antar. Pdahal cuma dkt."
"Randi_ jo","5 bintang","5 tahun lalu","No pesanan 200529DEHPY272 tujuan kota palu,apa barangnya ada? Dan kapan pengiriman kepalu?"
"M2 Chanel","1 bintang","3 tahun lalu","Pengiriman lama di antar ke rumah & slow Respon saat di tanya. Padahal pakai yg Express"
"Fransiska Pricila","1 bintang","5 tahun lalu","Tidak pernah di konfirmasi utk pengantaran barang, setelah di cek barangnya sdh di return ke penjual"
"agnes kusuma","1 bintang","5 tahun lalu","Adoh paket dah smpe dri tgl 18 Komang ini Soh tgl 22, blh mho dtng ambe di gateway? Soh dri so pe lama brng nda smpe""."
"plorensia sahentendi","2 bintang","5 tahun lalu","Paket cod so dimnado dri mnggu lalu smpe skrng blum antr antr . Malahan yg paket satu so diretur"
"Meyy","1 bintang","6 tahun lalu","Brang blum nyampe di rmh , tapi kurir udh mnylsaikan pketnya,!! Yang aamanah dong bpk/ibu"
"Miftahul Jannah","1 bintang","5 tahun lalu","Barang saya dari tgl 10 transit di Manado smpe skrg gk dikirim2 kepalu Udh seminggu ğŸ˜«ğŸ˜© â€¦"
"Fransiska Kaligis","5 bintang","7 tahun lalu","terimakasih jnt paket sdh sampai tepat waktu . dari pda pakai expedisi lain.. saya rekomendasi jnt.."
"gabby jesicca","1 bintang","7 tahun lalu","Sudah 2 kali, barang belum diterima tapi keterangan j&t barang sudah diterima. Payah pelayanan."
"Feybe Ranny","1 bintang","7 tahun lalu","Paket tiba di tanjung batu tgl 13. Skrg tgl 18. Blm di antar2 alasan kekurangan kurir!!! Parah!!!!"
"MARCEL RANTUNG","1 bintang","5 tahun lalu","Sudah 6 hari paket saya di dimanado_mateway belum di kirim ka gorontalo ,malahan barang yg lain somaso tadi"
"Ayhu Djakaria","1 bintang","6 tahun lalu","NGONI TAHANG JO ITU BARANG DARI TANGGAL 8 JUNI 2019 SAMPE BAKIMU,  YG PENTING ITU BARANG (COD,  BAYAR DI TEMPAT). NGONI DATANG ANTAR ITU BARANG, QT USER P NGONI"
"Wandy Zation","1 bintang","6 tahun lalu","layanan macam apa ini, dalam 2 jam paket sudah di return hanya bisa merugikan orang aja"
"Dandy Alif Nugroho","5 bintang","8 tahun lalu","Paket kirim hari kamis tgl.16 Februari 2017 Oas 3 hari tgl 18 hari ini udah sampe. Bagus lah"
"Amelia Untu","1 bintang","7 tahun lalu","j&t Service Parah-separah2nya... saya sarankan menggunakan TIKI/JNE sdh terbukti."
"vivoval","1 bintang","3 tahun lalu","kurang professional, barang kelamaan sampai, terakhir kali pakai j&t express"
"olip m","1 bintang","4 tahun lalu","Barang beluk di terima, tapi sdh ada bukti penerimaan yg di tanda tangan kurir"
"nanci gabriella","1 bintang","3 tahun lalu","Luar biasa jelek , pengiriman barang ditahan smp berminggu2 , alasan nd jelas"
"Ricko Wenur","1 bintang","2 tahun lalu","Kurir J&T mlas membwah barang, apakah sudah tidak memiliki kurir ?"
"prisa","1 bintang","2 tahun lalu","pelayanan lama skli, smo ba karat kt da tnggu tpe paket"
"Santia Yambat","3 bintang","3 tahun lalu","Kse pasti Jo kt pe paket in MSI mo antr atw nd so 3hri tbdiam di mndo tpe pkt nd mo antrÂ¹di Kotamobagu"
"Fajri Rizqi","1 bintang","2 tahun lalu","Biasa cuma 1 hari manado boltim kong ini smo 3 hari , pe pendo deng ngoni"
"Adrian Mare","1 bintang","2 tahun lalu","Parah!!! Sampe hari kedua barang blum diantar antar kurir!!!!"
"Glenn Poluan","5 bintang","8 tahun lalu","Pengiriman cepat tanpa batas kirim hari ini besok sudah sampai Recommended skali untuk semua online shop ğŸ‘ğŸ‘ğŸ‘ â€¦"
"Fura Lie","5 bintang","7 tahun lalu","Pelayanan, kecepatan dalam pengantaran paket cepat, curir nya ramah dan murah senyum. å®åœ° å’Œ æœ€å¥½çš„â¤ğŸ˜€ğŸ˜„ â€¦"
"Varil Putra","1 bintang","2 tahun lalu","Tolong Ini Gimana Ya ,Saya Pesen Paket Dari Bandung Harusnya Ke Garut ,ini Malah Nyasar Ke Sini"
"Vinca Waani Youlanda Vinca Waani","1 bintang","6 tahun lalu","J&t gmn pelayanannya?!! Sy telp untuk pengeluhan pelayanan telpnya aktf tapi ngk prn di angkat."
"Gerald Gideon","1 bintang","8 tahun lalu","Saya track dari aplikasi status barang saya sudah diterima, tapi paket tidak pernah sampai"
"Rivaldo","1 bintang","3 tahun lalu","PELAYANAN KURIR BURUK!! DI HUBUNGI NDA AKTIF, KURIR NDA BA TELFON KONG LANGSUNG TULIS RESCHEDULE DARI CUSTOMER PADAHAL QT DA TUNGGU"" TU PESANAN NDA SAMPE""!!"
"adi paskah","5 bintang","6 tahun lalu","custumer service sangat ramah dan dekat dengan gudang JNT pasti barang sampai di tujuan dengan selamat"
"Putra Mkoz","1 bintang","4 tahun lalu","Barang saya sudah 5 hari belum ada.....saya sangat kecewa dengan pelayanan ini"
"Nurul Isti","1 bintang","setahun lalu","Paket return ku yang tercecer tidak di gubris,, di chat tidak pernh di respon"
"Josua Kaligis","1 bintang","6 tahun lalu","Pelayanan payah, barang customer ambil sendiri di gudang, pelayanan yg sungguh buruk"
"Rey ID","1 bintang","setahun lalu","Pengantaran sangat lambat dan kurir tidak menghubungi saya"
"Josua Dumais","1 bintang","2 tahun lalu","Kurir kurang pelayanan ganti Jo yang serius ba kerja"
"Great Erick","1 bintang","3 tahun lalu","Pengiriman gak pernah nyampe. Estimasi pengiriman dah lewat barang gak nyampe."
"Monanda 15","5 bintang","5 tahun lalu","sampai saat ini sangat baik, COD pun sangat terbantu dgn J&T..makasihğŸ‘ â€¦"
"Dewiyanti Dahlan","3 bintang","5 tahun lalu","Please JnT gak biasa'y pket pesanan saya blm nyampe kek ini ğŸ¥ºğŸ¥ºğŸ¥ºğŸ¥º CekRicek masi d Drop Point Sumber ğŸ˜­ğŸ˜­ â€¦"
"Helos Toktil","1 bintang","2 tahun lalu","jnt skrang ssh.paket sdh afa di lokasi selalu ggl"
"Lian Supit","1 bintang","2 tahun lalu","tempat sudah tutup. tidakada JNT dsni.. bikin capek dtg ksini"
"Klaudia Posumah","1 bintang","3 tahun lalu","Pelayanan sangat buruk. Ambe paket cuma 1 batunggu amper 3 jam"
"luki dodok","1 bintang","3 tahun lalu","Kiriman keluar pulau lama sekali. Dulu sangat cepat.. makin kesini makin lama"
"Fifty Suawa","1 bintang","4 tahun lalu","Cuma J&T di komo yg harganya beda lebih mahal dari J&T semanado, tidak di rekom ke J&T di sini, mending J&T lain"
"Putera Mumu","1 bintang","5 tahun lalu","tape barang blum kirim ka rumah,kyapa kata so se bale ulng di MDC_GateawayğŸ¤¦ğŸ»â€â™‚ï¸ â€¦"
"Dona Novia","1 bintang","3 tahun lalu","Ini bagaimana barang salah antar kok belum ada tindak lanjut?"
"Aldy Kapoh","1 bintang","7 tahun lalu","Sangattt jengkel pelayanan parah, payah, dan sangat amat sangat payah, separah parahnya.. â€¦"
"Christian Yura","5 bintang","5 tahun lalu","Mantap, kirim barang bisa jemput di tempat .memudahkan pelanggan mksi J&T"
"Clara Klots","5 bintang","2 tahun lalu","Kurirnya baikÂ², pelayanannya the best lahğŸ‘ â€¦"
"Fardhan Askhari","1 bintang","4 tahun lalu","Dah tiga hari barang sedang di antar tapi ngak nyampe"""
"Law 30","1 bintang","2 tahun lalu","Barang lama sampe 8hari sortir trus"
"Noval Tome","1 bintang","5 tahun lalu","Bampuki jnt Manado kt p barang so 1minggu ngo tra kirim k Ternate"
"M _ Ibrahim","1 bintang","8 tahun lalu","so 1 minggu barang nda sampe"". pengiriman lambat."
"Giska Silangen","1 bintang","2 tahun lalu","Adakh yang punya kontak kurir jnt manado?"
"PUMA ID","1 bintang","4 tahun lalu","expedisi paling buruk di kota Manado sekarang. BURUKKKKKKK.!!!! So tobat m pake ini expedisi lagi..!!!"
"belakang pertama","1 bintang","3 tahun lalu","CUMA SARAN KALO BLH JA TRAINING BAE""LENGKALI NGONI PE KURIR,,,,,MASI ANAK BARU LEPAS TOTO JGN J LGSUNG KSE TURUN LAPANGAN KWA,,,,,"
"deni kurnia","1 bintang","5 tahun lalu","Kurang cepat yg selter manado ini barang saya nyampe manado tapi nginep nya lama"
"Keirin Keira","1 bintang","2 tahun lalu","PAKET NYA PERNAH ANTAR-ANTAR RIKI SO TA SUSUN DENG PAKET"" LAENG .. SETANGGGG memanggg"
"Eqi Maulidana","1 bintang","setahun lalu","pelayanan lemot sekalii karyawannya gak noat kerja apa gimana"
"Riski KikHa Anggereini","5 bintang","3 tahun lalu","Bagus cuma lebih tingkatkan costomer yg memang sudah langganan dari pada yg blm pasti"
"Mohamad Iswadi Djaman (Adi)","1 bintang","6 tahun lalu","Barang sudah di kotamobagu dari 28 Januari kok blm diantar??"
"Hendry Wijaya","1 bintang","5 tahun lalu","Barang sampai tgl 1/07/2020 ga antar2 sampai tgl 3 /7/2020"
"Indri Makadao","1 bintang","7 tahun lalu","Jnt pelayanannya parah banget.. Lalodnya minta ampun.."
"Ecal Najwa","1 bintang","5 tahun lalu","Tolong di perbaiki pelayanan utk pengantaran barang ke tempat tujuan"
"itha rayhan","1 bintang","8 tahun lalu","Saya belum menerima barang,tp tertulis sudah di terima,,bagaimana sih....ğŸ˜¡ â€¦"
"Meidy Pontoh","1 bintang","8 tahun lalu","Barang belum di terima, tapi pas cek track barang sudah diterima oleh saya sendiriğŸ˜¡ğŸ˜¡ğŸ˜¡ğŸ˜¡ â€¦"
"Agustina Makabimbang","1 bintang","6 tahun lalu","Seharusnya hr ini brng dr jakarta so ada tpi so  brp hr msh star dr jakarta"
"bang raman","5 bintang","7 tahun lalu","Jasa pengiriman barang yang bisa di percaya. Untuk barang yang di kirim di jamin bagus sampai tujuan."
"Berry Tumiwa","3 bintang","3 tahun lalu","Kurir tidak ada konfirmasi pengantaran barang."
"Yudita Rumondor","1 bintang","3 tahun lalu","Barang hanya sekali di antar tanpa menelpon customer"
"Alfa Takasabare","1 bintang","2 tahun lalu","Tpe paket baru sampe bolh langsung pigi ambe disini?"
"Ruli Matta","1 bintang","3 tahun lalu","P lama ini paket, smo 2 mggu nda muncul""."
"Anjaz Harianto","1 bintang","8 tahun lalu","Somo 1 minggu paket nda sampe2. Bilang 2-3 hari. Hadeeee"
"Tria Monalu","1 bintang","8 tahun lalu","Parah ga nyampe"" paket nya tapi di web udah diterima"
"Virgie Mamanua","1 bintang","2 tahun lalu","Pengiriman lamaaaaa.. Tutup jo ngni!!!"
"Hadis Shabira","1 bintang","setahun lalu","tidak bisa kirim baterai hpğŸ˜¡ â€¦"
"Nrzzrri'","1 bintang","3 tahun lalu","Kdcki sx,Paket baru mo pi ambe so blg retur!!!"
"Fitri Sukmawati","1 bintang","7 tahun lalu","Barang sudah 20 Hari Tak Kunjung Datang .. sampe Skrng"
"Vini Tandayu","1 bintang","8 tahun lalu","Paket lama gak bwa pdhl sdh lma di manado ğŸ˜ˆ â€¦"
"Meridiane Tanod68","1 bintang","3 tahun lalu","Somo 1 bulan Qt p paket blum antar"""
"bayu ali","3 bintang","5 tahun lalu","barang saya belum sampai sampai kirimnya dari jakarta ke manado ke manado ke ternate tapi belum sampai di ternate"
"Piet Hein Pusung","1 bintang","7 tahun lalu","Sudah 3 minggu barang tidak diterima, telpon tidak pernah respon"
"Ath3xz Now","5 bintang","7 tahun lalu","Expedisi pengiriman barang yg on terus sampai hari minggu"
"James Lumowa","1 bintang","2 tahun lalu","J&T motoling pelayanannya paling buruk"
"Arfi Putra","1 bintang","setahun lalu","Uda ttup . parah ! Hilangkan aja dri gmaps !"
"Brian Mamesah","1 bintang","Diedit 2 tahun lalu","Pengarantaran reschedule padahal tidak ada info dengan costumer"
"Yesika Kandou","1 bintang","2 tahun lalu","Kalo mkse rating bntg nol sto ni jnt Komo ini"
"Eko Prasetyo","5 bintang","7 tahun lalu","Pelayanannya bagus,  murah senyum,  dan selalu cepat dalam pengantaran, â¤ï¸"
"Lovenia Marlien Sakul","5 bintang","7 tahun lalu","Terima kasih jnt . Pelayanan sangat memuaskan. Recommend"
"Ajjaye Zailany","5 bintang","7 tahun lalu","Penggiriman dan penerimaan paket sangat cepat ğŸ‘ â€¦"
"Lodz Manado","1 bintang","5 tahun lalu","Barang belum di terima. Tapi di tracking sudah di terima. Bgimana ini?"
"walad chanel","1 bintang","setahun lalu","Paket sangat lambat diatasi"
"- T","1 bintang","6 tahun lalu","on saturday they don't update their deliveries. they tend to hold it so they can delivered it on monday!"
"Sri Ayun Ahapa","2 bintang","8 tahun lalu","Kenapa brng sy blom jg diantar mba"
"choliiezt nhuer","1 bintang","3 tahun lalu","Paket 12 hari belum nyampe"""
"Chanshaa â€¢","1 bintang","3 tahun lalu","Pelayanan buruk, kurir gblok, jimils pendo"
"Stori Manado","1 bintang","3 tahun lalu","Tidak benar ni nmr hp nga ada yg benar..."
"Fliky gamer","5 bintang","3 tahun lalu","pelayanan tercepat di banding jnt tempat lain"
"Valentino stenly rico Latuny","1 bintang","3 tahun lalu","Tidak memuaskan. Dan kurirnya lalot.ğŸ˜¡ğŸ˜¡ğŸ˜¡ğŸ˜¡ğŸ˜¡ â€¦"
"Fadila Masloman","1 bintang","7 tahun lalu","Msa tu brng so smpe di mapanget smodua mnggu nd ad tu brng"
"Rendy Kristianto","1 bintang","3 tahun lalu","DARI TGL 16 JULI PAKET SAYA BELUM SAMPAI-SAMPAI"
"Cynthia Kereh","1 bintang","5 tahun lalu","Stts s lama nd berubah2, nntau pket ad dmna. Payah"
"paulina ogotan","5 bintang","3 tahun lalu","Pengiriman ke arah tatelu mohon kse cepat ğŸ˜€ â€¦"
"Acell Warouw","1 bintang","5 tahun lalu","Antar ka kokoleh satu tape barang capat woi"
"ribka laloan","5 bintang","7 tahun lalu","Terimakasih j&t barang terbungkus dengan rapih dan aman"
"Yuli Manenggelo","1 bintang","3 tahun lalu","pdhl bayar ongkir tapi di suruh ambil sendiri"
"vivi 200","1 bintang","3 tahun lalu","Lama sekali paket kirimmmmm ya tuhan"
"wayne gaming","1 bintang","5 tahun lalu","Sudah jam masuk istirahat masih tidak ada org"
"Andris Aliwu (Papa Naya)","1 bintang","3 tahun lalu","Sangat lelet ğŸ‘ğŸ‘ Dari dulu ngak perna berubah ğŸ¥±ğŸ¥± â€¦"
"Boss Kece","1 bintang","3 tahun lalu","sangat tidak recomended , pelayanan nya kurang baik"
"Regino Angelo Warbung","5 bintang","4 tahun lalu","Pelayanan sangat ramah, kantor nyaman."
"Ramenusa Lumanauw","1 bintang","7 tahun lalu","Ramah pelayannya tapi kayaknya belum terlalu propfesional"
"Heraldy Yudhantara","1 bintang","3 tahun lalu","Barang sudah sampai tidak diantar antar"
"Junico Johsua","1 bintang","6 tahun lalu","Barang belum sampe bilang so sampe"
"HJJK GGMANG","3 bintang","5 tahun lalu","KAPAN KIRIM KE PALU BANG AKU NUNGGU DARI MEDAN CEPAT YA BANG!!!!!!!"
"Hanafi Assagaf","3 bintang","Diedit 8 tahun lalu","Tempat yang strategis untuk di datangi"
"Christovel Umboh","2 bintang","6 tahun lalu","Gateway masih tutup... Info kpan gateway buka ?..."
"Andy G","3 bintang","5 tahun lalu","ok. sayang buka ga sampe malam."
"elfiana claudya aggi","5 bintang","5 tahun lalu","Buka sampe jam 8/9"
"Made Abdjul Zulkarnain","5 bintang","4 tahun lalu","Pelayanan Sangat Luar Biasaaaa â¤ï¸ğŸ¤—â¤ï¸ğŸ˜‡ â€¦"
"unang mkdmpt","5 bintang","Diedit 3 tahun lalu","Udah bagus tinggal di tingkatkan lagi"
"Steve Massie","1 bintang","setahun lalu","Invalid address, no longer a J&T address"
"Patrick Simamora","1 bintang","7 tahun lalu","Pelayanan sangat buruk, sangat lama dan tidak profesional."
"Juane Pogo","1 bintang","5 tahun lalu","Pelayanan yang tidak baik. Lambat responğŸ‘ â€¦"
"Sahfrudin Rafly Bugis","1 bintang","3 tahun lalu","pelayanan nd bagus"
"Chacha Zi","1 bintang","2 tahun lalu","Pelayanan buruk sekali"
"Aris Lolo","4 bintang","6 tahun lalu","Alternatif pengiriman paket selain Tiki"
"Mario Sihotang","1 bintang","setahun lalu","Pelayanan buruk"
"ì›êµ¬","1 bintang","4 tahun lalu","Nda guna"
"RidhoAssa RidhoAsssa","5 bintang","setahun lalu","Barang berqualitas dan murah2"
"Budi Suwarno","1 bintang","7 tahun lalu","ga bagus"
"Sefly Suoth","5 bintang","6 tahun lalu","Pelayanan yg ok...."
"Arthur Karambut","4 bintang","2 tahun lalu","Pelayanan"
"Lord Poseidon","1 bintang","8 tahun lalu","Pelayanan yg buruk"
"Hosea Tangkudung","5 bintang","7 tahun lalu","pengiriman tepat dan cepat :)"
"Vahrani Maharani","5 bintang","3 tahun lalu","Sip lah"
"Expelianor 25","5 bintang","6 tahun lalu","Cepat skli mantap"
"giffari moeslim","5 bintang","2 tahun lalu","ğŸ‘ â€¦"
"Isai MUGIWARA","4 bintang","6 tahun lalu","Pelayanannya ramah"
"Irwan Nios","1 bintang","5 tahun lalu","Pelayanan parah tdk profesional"
"Ongen Enggie","1 bintang","2 tahun lalu","1 kata PAAARRRAAAAHHHHHHHH"
"Rio Manuel Manoppo","5 bintang","setahun lalu","Jnt Terbaik"
"fathiyah abasi","5 bintang","5 tahun lalu","Pelayanannya baguss"
"ratna lase","5 bintang","7 tahun lalu","Cepat dan gratis jemput di tempat"
"Lita Irene","5 bintang","2 tahun lalu","Bagus dan cepat."
"RGN Collections","5 bintang","6 tahun lalu","Terbaik.."
"Nick Warouw","1 bintang","6 tahun lalu","Jasa ekspedisi terpayah"
"Danur Kinalis","4 bintang","5 tahun lalu","lumayan, tingkatkan"
"Debby Mado","5 bintang","2 tahun lalu","Tempat pengiriman paket"
"gigin laurens","5 bintang","4 tahun lalu","Saya puas menggunakan google maps"
"Dave Edge","1 bintang","setahun lalu","Parah"
"Orang Kampung","5 bintang","4 tahun lalu","Dekat pusat kota"
"umy taty Lihawa","5 bintang","5 tahun lalu","Karyawannya ramahÂ²"
"Agus Wachid","2 bintang","7 tahun lalu","Kurang pelayanan servicenya"
"Arya Lesmna","5 bintang","7 tahun lalu","Sangat membantuh...."
"Bryan Kondolia","5 bintang","7 tahun lalu","bagus pelayanannya"
"Alvaro Tewu","1 bintang","2 tahun lalu","pelayanan payah"
"Yaziin Solichin","1 bintang","6 tahun lalu","Lambat pelayanan"
"Efraim Manopo MV","5 bintang","4 tahun lalu","Mantap layanannya"
"Permata Channel","5 bintang","4 tahun lalu","Bagus..."
"Mulyadi Laluyan","5 bintang","4 tahun lalu","Pelayanan bagus"
"Bryan â€œMercyfullGriffinâ€ Kapahang","5 bintang","5 tahun lalu","Pelayanan cukup bagus"
"nia karundeng","1 bintang","6 tahun lalu","Pket lma d antar"
"Imma Puspasari","3 bintang","6 tahun lalu","Lama banget nunggunya."
"Wensy Wahani","5 bintang","6 tahun lalu","Cepat.."
"Fuadi Lazuardi","4 bintang","2 tahun lalu","Baik"
"Delviani Tewuh","1 bintang","2 tahun lalu","jelek"
"ita rahmawati","1 bintang","5 tahun lalu","Lemot parah. hih !"
"Rifka Gaming","1 bintang","2 tahun lalu","Buruk pelayanan"
"John Christo Suwanto","5 bintang","6 tahun lalu","send and deivery my package here"
"Cek Inbox","1 bintang","6 tahun lalu","Lambat !!"
"Arief Bode","5 bintang","5 tahun lalu","Ramah dan nyaman"
"samusa indo","1 bintang","2 tahun lalu","Lemot"
"Fahrian Tole","1 bintang","6 tahun lalu","Tdk mengangkat telpon."
"Anen Liu","1 bintang","2 tahun lalu","Buruk"
"Rahmat Abdillah","4 bintang","6 tahun lalu","Expedisi lumayan oke"
"Ardila Rahayu","1 bintang","5 tahun lalu","Pelayanan sangat jelek"
"Steffi Sondakh","5 bintang","5 tahun lalu","God Service & Fast Respons"
"Denny Pusungulaa","5 bintang","4 tahun lalu","ğŸ‘tks â€¦"
"Deden Arisandi","4 bintang","6 tahun lalu","Mudah di jangkau"
"Nona Tanpa nama","5 bintang","3 tahun lalu","Expedisi bagus"
"Mohamad Olii","5 bintang","3 tahun lalu","Mantap"
"Ainagha Agha","1 bintang","2 tahun lalu","Tidak jelas"
"ibrahim la'la","5 bintang","5 tahun lalu","Mantul"
"Dadeaja Dade","5 bintang","5 tahun lalu","Eksotis"
"Jansen Sampelan","4 bintang","5 tahun lalu","Bagus"
"Ford Chandra","5 bintang","5 tahun lalu","Beauty Customer Service"
"santhy mamonto","5 bintang","6 tahun lalu","Asik"
"Nevy Kawulusan","3 bintang","6 tahun lalu","Parkir susah"
"Tutorial Bunda","4 bintang","6 tahun lalu","Lumayan"
"RMTUNA RAJAAMPAT","1 bintang","6 tahun lalu","Not Recommended, To Slow !"
"Hilya Safitri RQ","1 bintang","2 tahun lalu","bad"
"Riandy' S","5 bintang","2 tahun lalu","Good"
"Rafael mondong","4 bintang","7 tahun lalu","Ok"
"Afandi Niode","5 bintang","7 tahun lalu","pengiriman yang baik"
"Irfan Prawira","5 bintang","setahun lalu","Luar Biasa"
"Yohanes Djarot Satrio Wibowo","5 bintang","8 tahun lalu","Mantab pokoke"
"Achox Yamani","5 bintang","3 tahun lalu","Okay"
"Edwin Khoe","5 bintang","4 tahun lalu","Kirim paket"
"Mario Ong","4 bintang","6 tahun lalu","Quite ok service"
"Harley Rotinsulu","5 bintang","3 tahun lalu","Good service"
"Max IT","5 bintang","8 tahun lalu","Maju terus"
"Andrew Tjiptabudy","4 bintang","6 tahun lalu","Good expedition"
"LILIANY","1 bintang","3 tahun lalu","Bad service!!!!!"
"fadly","5 bintang","3 tahun lalu","Mantap"
"Stewart Ray","1 bintang","3 tahun lalu","Lemot"
"Alamin Onggi","5 bintang","4 tahun lalu","Mantap"
"Azwar Karlos","1 bintang","2 tahun lalu","Pelayanan buruk"
"Saputra Puluhulawa","1 bintang","3 tahun lalu","pelayanan buruk"
"Marcko Wondal","5 bintang","4 tahun lalu","mantap"
"Dahlia Abdullah","5 bintang","6 tahun lalu","Good"
"Himawari Studio","5 bintang","7 tahun lalu","Good service"
"Boby Ma","5 bintang","5 tahun lalu","Mantap"
"Papito","5 bintang","7 tahun lalu","Good"
"bintan rahmi","5 bintang","8 tahun lalu","Bagus"
"Jane Natalia Mekel","5 bintang","8 tahun lalu","Good service"
"Gerry Kasehung","1 bintang","3 tahun lalu","Selesai dengan J&T ini!! Pesanan 4 hari cm tapuutar2 di gudang"
"Joudy Kalalo","5 bintang","8 tahun lalu",""
"Wisnu Iswardana","1 bintang","5 tahun lalu","Depresi."
"Pamella Rantung","1 bintang","3 tahun lalu","kurir talalu mlassss,,,"
"Yeremia Hizkia Rumerung","4 bintang","4 tahun lalu","Kemasan Minimum"
"Maissy Priscila Sembel","1 bintang","4 tahun lalu",""
"Farelio Langi","5 bintang","4 tahun lalu",""
"Aurora R","1 bintang","5 tahun lalu",""
"Deni Patadjenu","1 bintang","5 tahun lalu",""
"ezq randolph","1 bintang","5 tahun lalu",""
"mercy tarore","1 bintang","5 tahun lalu",""
"fani angraini","1 bintang","5 tahun lalu",""
"Redikarim Redi","1 bintang","5 tahun lalu",""
"Stevine Taghulihi","5 bintang","2 bulan lalu",""
"Ambulance Staff","5 bintang","2 bulan lalu",""
"Hanya Orang biasa","5 bintang","9 bulan lalu",""
"Hend Lovelysha","5 bintang","10 bulan lalu",""
"RRQAlfiRoong Gaming","1 bintang","10 bulan lalu",""
"Klief Rambi","5 bintang","setahun lalu",""
"Fernando Yehezkiel","4 bintang","setahun lalu",""
"Gerald Sawal","5 bintang","setahun lalu",""
"angie","1 bintang","setahun lalu",""
"novranda channel","1 bintang","setahun lalu",""
"Mudawamah El-Faza","1 bintang","2 tahun lalu",""
"Esther Rungkat","5 bintang","2 tahun lalu",""
"Yanuarti Y. Sumolang","5 bintang","2 tahun lalu",""
"Dwicahya Kurniawaty awing","1 bintang","2 tahun lalu",""
"Antonius William","1 bintang","2 tahun lalu",""
"Rendy Stewart Wajong","3 bintang","2 tahun lalu",""
"Muhayat Ramadan","1 bintang","2 tahun lalu",""
"Fayrus Refhalda Sudarsono","1 bintang","2 tahun lalu",""
"Lukas Lontoh","4 bintang","2 tahun lalu",""
"Doni dominikus","5 bintang","3 tahun lalu",""
"Naldi Mkdmpt","5 bintang","3 tahun lalu",""
"Fidy Sada","4 bintang","3 tahun lalu",""
"Nabilla Dinianty","1 bintang","3 tahun lalu",""
"Aji Aprilianto","1 bintang","3 tahun lalu",""
"Christine Kumayas","1 bintang","3 tahun lalu",""
"Lukman 45","1 bintang","3 tahun lalu",""
"PRATAMA STAINLESS KITCHEN","5 bintang","3 tahun lalu",""
"Caroline A","5 bintang","3 tahun lalu",""
"Yusuf Analy","5 bintang","3 tahun lalu",""
"Nezz","1 bintang","3 tahun lalu",""
"Irene Hartanto","5 bintang","3 tahun lalu",""
"Sisilia Rahman","5 bintang","3 tahun lalu",""
"Lukman Iti","4 bintang","3 tahun lalu",""
"Seno, ifoet","5 bintang","3 tahun lalu",""
"Hendryo Papuas","1 bintang","3 tahun lalu",""
"jay wisnu","4 bintang","3 tahun lalu",""
"Sabun Manado","5 bintang","3 tahun lalu",""
"Untitled Record","5 bintang","3 tahun lalu",""
"Aldiman Edam","5 bintang","3 tahun lalu",""
"Nina Giesen","1 bintang","4 tahun lalu",""
"Frederik Dony Sangkia","1 bintang","4 tahun lalu",""
"Rendy Dwi Hendra Sanger","4 bintang","4 tahun lalu",""
"Delvi Karundeng","3 bintang","4 tahun lalu",""
"MERSING TV","2 bintang","4 tahun lalu",""
"Afner Mengi","5 bintang","4 tahun lalu",""
"Tamara Allan","5 bintang","4 tahun lalu",""
"Wilson Rori","5 bintang","4 tahun lalu",""
"Iqbal GamingYT","1 bintang","4 tahun lalu",""
"Jesica Kilisan","3 bintang","4 tahun lalu",""
"Elan Talawo","5 bintang","4 tahun lalu",""
"Risky Yudhianto","4 bintang","4 tahun lalu",""
"vidi welang","5 bintang","4 tahun lalu",""
"Nova Regina","1 bintang","4 tahun lalu",""
"rahim suleman","5 bintang","4 tahun lalu",""
"Hadi Siswoyo","5 bintang","4 tahun lalu",""
"Kimberly Maria","4 bintang","4 tahun lalu",""
"Devi","5 bintang","4 tahun lalu",""
"maisie togelang","5 bintang","4 tahun lalu",""
"George L","4 bintang","4 tahun lalu",""
"Resky Marthen Salmon","4 bintang","4 tahun lalu",""
"Spearkop","5 bintang","4 tahun lalu",""
"BangRiedel","5 bintang","4 tahun lalu",""
"Mom Ge","4 bintang","4 tahun lalu",""
"Ami Maskuri","4 bintang","4 tahun lalu",""
"Akun Google","5 bintang","5 tahun lalu",""
"Thomas Merung","1 bintang","5 tahun lalu",""
"Ud Ulana Setiawan","5 bintang","5 tahun lalu",""
"Kantah Kota Manado","5 bintang","5 tahun lalu",""
"Carolin Pongoh","1 bintang","5 tahun lalu",""
"HKwan","5 bintang","5 tahun lalu",""
"Sanli Patras","5 bintang","5 tahun lalu",""
"anne caroline","5 bintang","5 tahun lalu",""
"Multatuli Jr","5 bintang","5 tahun lalu",""
"Nofri amazing","3 bintang","5 tahun lalu",""
"liana mekel","1 bintang","5 tahun lalu",""
"Fani Quad","3 bintang","5 tahun lalu",""
"Herlyn Monarsy","1 bintang","5 tahun lalu",""
"Thys sam edmond lumempouw","4 bintang","5 tahun lalu",""
"Nur Rahmi","1 bintang","5 tahun lalu",""
"Faisal Salewanga","1 bintang","5 tahun lalu",""
"Yovian Onsu","5 bintang","5 tahun lalu",""
"selviyani safrudin","1 bintang","5 tahun lalu",""
"Chrisella Kireyna Rakian","5 bintang","5 tahun lalu",""
"Masita Rumra","1 bintang","5 tahun lalu",""
"Syamsuddin Syam","2 bintang","5 tahun lalu",""
"Risaldi Bilondatu","1 bintang","5 tahun lalu",""
"Kurniasi Paputungan","1 bintang","5 tahun lalu",""
"cornelia mukuan","1 bintang","5 tahun lalu",""
"Julyana Jo","5 bintang","5 tahun lalu",""
"Cici Palakua","5 bintang","5 tahun lalu",""
"widia amaliyah","1 bintang","5 tahun lalu",""
"Sandy Butan","3 bintang","5 tahun lalu",""
"Bryan Furran","1 bintang","5 tahun lalu",""
"Nana Beveanna","1 bintang","5 tahun lalu",""
"Aldy Suma","5 bintang","5 tahun lalu",""
"BILL POLII","5 bintang","5 tahun lalu",""
"Rahmat Pradana","5 bintang","5 tahun lalu",""
"sahoa chris","1 bintang","5 tahun lalu",""
"fachrizal imaduddin","5 bintang","5 tahun lalu",""
"Nurlila Daud","3 bintang","5 tahun lalu",""
"Melisa Gosal","5 bintang","5 tahun lalu",""
"Agus Panawar","5 bintang","5 tahun lalu",""
"Cahyo Adi","5 bintang","5 tahun lalu",""
"Karunya Pase","5 bintang","5 tahun lalu",""
"Renaldi Ngangi","1 bintang","5 tahun lalu",""
"UnderSKies Computer","5 bintang","6 tahun lalu",""
"franky latupapua","5 bintang","6 tahun lalu",""
"awoo 77","4 bintang","6 tahun lalu",""
"MDjon Tra","5 bintang","6 tahun lalu",""
"bayu gustada","3 bintang","6 tahun lalu",""
"Daniel Suherman","1 bintang","6 tahun lalu",""
"Ve Maw","1 bintang","6 tahun lalu",""
"Marcelina Mangowal","1 bintang","6 tahun lalu",""
"Andrew Dendeng","5 bintang","6 tahun lalu",""
"Ranny Sahnaz","4 bintang","6 tahun lalu",""
"Firmon Tanjaya","4 bintang","6 tahun lalu",""
"Jesika Slat","1 bintang","6 tahun lalu",""
"Made Apriano","5 bintang","6 tahun lalu",""
"Munazar Muarif","5 bintang","6 tahun lalu",""
"Meyrio Sanderwyk","5 bintang","6 tahun lalu",""
"Edmont Ho","1 bintang","6 tahun lalu",""
"#AsriKurniawati,MyLive,Myday, AndMyFamily","1 bintang","6 tahun lalu",""
"Pratama Tunai","5 bintang","6 tahun lalu",""
"Yuyun Ali","4 bintang","6 tahun lalu",""
"Nasrun Kuengo","5 bintang","6 tahun lalu",""
"Rahmad Ali","5 bintang","6 tahun lalu",""
"dina muslimah","3 bintang","6 tahun lalu",""
"Wahyu R. Ismail","5 bintang","6 tahun lalu",""
"Violine Karouwan","4 bintang","6 tahun lalu",""
"Yesa Satria","4 bintang","6 tahun lalu",""
"Esa Z Kamagi","5 bintang","6 tahun lalu",""
"Mona Kapile","5 bintang","6 tahun lalu",""
"M. Assabiqun Hajia","1 bintang","7 tahun lalu",""
"FRILy","5 bintang","7 tahun lalu",""
"Joel Andro","5 bintang","7 tahun lalu",""
"Keyna Veer","5 bintang","7 tahun lalu",""
"Lisa Lolowang","1 bintang","7 tahun lalu",""
"Natalia Posumah","5 bintang","7 tahun lalu",""
"Hendi Kurniawan","5 bintang","7 tahun lalu",""
"Makahibor Hangunaung","5 bintang","7 tahun lalu",""
"James zheng","5 bintang","7 tahun lalu",""
"Djoni Kalangi","5 bintang","7 tahun lalu",""
"Riedel Korompis","5 bintang","7 tahun lalu",""
"Marfel Harimisa","4 bintang","7 tahun lalu",""
"Bill Lalamentik","5 bintang","7 tahun lalu",""
"Frano Pangemanan","5 bintang","7 tahun lalu",""
"Rifai Muslim","2 bintang","7 tahun lalu",""
"pedro","2 bintang","7 tahun lalu",""
"Ivhon Tololiu","1 bintang","7 tahun lalu",""
"Atika Okitasari","5 bintang","7 tahun lalu",""
"Eman Rudianto","5 bintang","7 tahun lalu",""
"Febry Lisal","5 bintang","7 tahun lalu",""
"Muamar B","5 bintang","8 tahun lalu",""
"Frike Poluan","1 bintang","8 tahun lalu",""
"Anti Bempa","5 bintang","8 tahun lalu",""
"Lidya Kumendong","1 bintang","8 tahun lalu",""
"Olvintia Pumpente","1 bintang","8 tahun lalu",""
"Chendy Tangui","4 bintang","8 tahun lalu",""
"Maurin Wowor","1 bintang","8 tahun lalu",""
"Aditya Husain","5 bintang","8 tahun lalu",""
"Septian Maulid Tiwar","5 bintang","8 tahun lalu",""
"Hanif NAB","4 bintang","8 tahun lalu",""
"Maxi Mawey","3 bintang","8 tahun lalu",""
"Muhammad Naufal","5 bintang","8 tahun lalu",""
"Yuki Lahardiana","5 bintang","9 tahun lalu",""
"Frinni Kumolontang","5 bintang","9 tahun lalu",""